id,title,authors,year,venue,search_string,v1_decision,v1_reason
1,Automatic Generation of Bug Reports Using Large Language Models: An Evaluation in a Software Institute,"Chaves, Lennon Correa; Gonzaga, David; Tiago, Leonardo; Silva, Ana Paula; Oliveira, Flávia",2025.0,Brazilian Symposium on Software Quality,String A,INCLUDE,"(IC1-IC5): English/2018+ paper about bug reports using LLM/GPT for quality, assessment, reproduction, or improvement."
2,LLM-BRC: A large language model-based bug report classification framework,"Du, Xiaoting; Liu, Zhihao; Li, Chenglong; Ma, Xiangyue; Li, Yingzhu; Wang, Xinyu",2024.0,Software Quality Journal,String A,INCLUDE,"(IC1-IC5): English/2018+ paper about bug reports using LLM/GPT for quality, assessment, reproduction, or improvement."
3,Exploring Fine-Grained Bug Report Categorization with Large Language Models and Prompt Engineering: An Empirical Study,"Koyuncu, Anil",2025.0,ACM Transactions on Software Engineering and Methodology,String A,INCLUDE,"(IC1-IC5): English/2018+ paper about bug reports using LLM/GPT for quality, assessment, reproduction, or improvement."
4,ChatBR: Automated Assessment and Improvement of Bug Report Quality Using ChatGPT,"Bo, Lili; Ji, Wangjie; Sun, Xiaobing; Zhang, Ting; Wu, Xiaoxue; Wei, Ying",2024.0,2024 39th IEEE/ACM International Conference on Automated Software Engineering (ASE),String B,INCLUDE,"(IC1-IC5): English/2018+ paper about bug reports using LLM/GPT for quality, assessment, reproduction, or improvement."
5,Can We Enhance Bug Report Quality Using LLMs?: An Empirical Study of LLM-Based Bug Report Generation,"Acharya, Jagrit; Ginde, Gouri",2025.0,Proceedings of the 29th International Conference on Evaluation and Assessment in Software Engineering,String B,INCLUDE,"(IC1-IC5): English/2018+ paper about bug reports using LLM/GPT for quality, assessment, reproduction, or improvement."
6,Security Bug Report Classification: A Comparative Study of Convolutional Neural Networks and Large Language Models,"Dawood, Riad; Abdalhamid, Samia; Abdalkareem, Rabe",2026.0,2026 IEEE 5th International Maghreb Meeting of the Conference on Sciences and Techniques of Automatic Control and Computer Engineering (MI-STA),String A,INCLUDE,"(IC1-IC5): English/2018+ paper about bug reports using LLM/GPT for quality, assessment, reproduction, or improvement."
7,Graph Neural Network vs. Large Language Model: A Comparative Analysis for Bug Report Priority and Severity Prediction,"Acharya, Jagrit; Ginde, Gouri",2024.0,Proceedings of the 20th International Conference on Predictive Models and Data Analytics in Software Engineering,String A,INCLUDE,"(IC1-IC5): English/2018+ paper about bug reports using LLM/GPT for quality, assessment, reproduction, or improvement."
8,Cupid: Leveraging ChatGPT for More Accurate Duplicate Bug Report Detection,"Zhang, Ting; Irsan, Ivana Clairine; Thung, Ferdian; Lo, David",2023.0,ArXiv,String A,INCLUDE,"(IC1-IC5): English/2018+ paper about bug reports using LLM/GPT for quality, assessment, reproduction, or improvement."
9,Feedback-Driven Automated Whole Bug Report Reproduction for Android Apps,"Wang, Dingbang; Zhao, Yu; Feng, Sidong; Zhang, Zhaoxu; Halfond, William G. J.; Chen, Chunyang; Sun, Xiaoxi-ang; Shi, Jiangfan; Yu, Tingting",2024.0,Proceedings of the 33rd ACM SIGSOFT International Symposium on Software Testing and Analysis,String B,UNSURE,"(IC3,IC5; IC4?): Related to bug/report quality, but LLM/GPT connection is not clear from title/abstract; keep for V2 check."
10,Automatic Generation of Test Cases based on Bug Reports,,,,String A,UNSURE,"(IC3,IC5; IC4?): Related to bug/report quality, but LLM/GPT connection is not clear from title/abstract; keep for V2 check."
11,The Journey to Quality: Understanding and Improving Defect Reporting,,,,String B,UNSURE,"(IC3,IC5; IC4?): Related to bug/report quality, but LLM/GPT connection is not clear from title/abstract; keep for V2 check."
12,A Comparative Study of Contemporary Learning Paradigms in Bug Report Priority Detection,,,,String A,UNSURE,"(IC3,IC5; IC4?): Related to bug/report quality, but LLM/GPT connection is not clear from title/abstract; keep for V2 check."
13,"Advancing Bug Report Management: Graph-Based Modeling, Large Language Models, and Quality Improvement","Acharya, Jagrit",2025.0,,String B,INCLUDE,"(IC1-IC5): English/2018+ paper about bug reports using LLM/GPT for quality, assessment, reproduction, or improvement."
14,AgentReport: A Multi-Agent LLM Approach for Automated and Reproducible Bug Report Generation,"Choi, Seojin; Yang, Geunseok",2025.0,Applied Sciences,String A,INCLUDE,"(IC1-IC5): English/2018+ paper about bug reports using LLM/GPT for quality, assessment, reproduction, or improvement."
15,Automated Generation of High-Quality Bug Reports for Android Applications,"Saha, Antu; Dipongkor, Atish Kumar; Bennett, Sam; Moran, Kevin; Marcus, Andrian; Chaparro, Oscar",2026.0,,String B,UNSURE,"(IC3,IC5; IC4?): Related to bug/report quality, but LLM/GPT connection is not clear from title/abstract; keep for V2 check."
16,Automated quality assessment for crowdsourced test reports based on dependency parsing,"Zhang, Huan; Zhao, Yuan; Yu, Shengcheng; Chen, Zhenyu",2022.0,2022 9th International Conference on Dependable Systems and Their Applications (DSA),String B,UNSURE,"(IC3,IC4; IC5?): Mentions LLM/GPT and bug/issue reports, but quality or reproducibility focus is unclear; keep for V2 check."
17,Crash Report Enhancement with Large Language Models: An Empirical Study,"Fahim, S. M. Farah Al; Rafi, Md Nakhla; Ma, Zeyang; Kim, Dong Jae; Tse-Hsun; Chen",2025.0,,String A,UNSURE,"(IC3,IC4; IC5?): Mentions LLM/GPT and bug/issue reports, but quality or reproducibility focus is unclear; keep for V2 check."
18,CTQRS-Based Reinforcement Learning Framework for Reliable Bug Report Generation Using Open-Source Large Language Models,"Yang, Geunseok",2025.0,Applied Sciences,String A,INCLUDE,"(IC1-IC5): English/2018+ paper about bug reports using LLM/GPT for quality, assessment, reproduction, or improvement."
19,Empirical Analysis and Detection of Hallucinations in LLM-Generated Bug Report Summaries,"Nirujan, Hinduja; Patil, Shreyas; Ayoub, Abdallah; Latif, Ahmad Abdel; Ginde, Gouri",2026.0,,String A,INCLUDE,"(IC1-IC5): English/2018+ paper about bug reports using LLM/GPT for quality, assessment, reproduction, or improvement."
20,Employing Prompt Engineering for Generation of Bug Report: An Experience Report in Industry,"Oliveira, Flávia; Tiago, Leonardo; Nascimento, Alay; Castro, Renata; Chaves, Lennon",2025.0,2025 International Conference on Computer Technology Applications (ICCTA),String A,UNSURE,"(IC3,IC5; IC4?): Related to bug/report quality, but LLM/GPT connection is not clear from title/abstract; keep for V2 check."
21,GIRT-Model: Automated Generation of Issue Report Templates,"Nikeghbal, Nafiseh; Kargaran, Amir Hossein; Heydarnoori, Abbas",2024.0,Proceedings of the 21st International Conference on Mining Software Repositories,String A,UNSURE,"(IC3,IC5; IC4?): Related to bug/report quality, but LLM/GPT connection is not clear from title/abstract; keep for V2 check."
22,"GitBugs: Bug Reports for Duplicate Detection, Retrieval Augmented Generation, Triage, and More","Patil, Avinash; Tao, Siru; Jadon, Aryan",2026.0,,String A,UNSURE,"(IC3,IC5; IC4?): Related to bug/report quality, but LLM/GPT connection is not clear from title/abstract; keep for V2 check."
23,Imager: Enhancing bug report clarity by screenshots,"Tan, Xuchen; Yadav, Deenu; Ahmed, Faiz; Nayebi, Maleknaz",2025.0,,String A,UNSURE,"(IC3,IC5; IC4?): Related to bug/report quality, but LLM/GPT connection is not clear from title/abstract; keep for V2 check."
24,ImproBR: Bug Report Improver Using LLMs,"Akyol, Emre Furkan; Dedeler, Mehmet; Tüzün, Eray",2026.0,,String A,INCLUDE,"(IC1-IC5): English/2018+ paper about bug reports using LLM/GPT for quality, assessment, reproduction, or improvement."
25,Improving the quality of software issue report descriptions in Turkish: An industrial case study at Softtech,"Aktas, Ethem Utku; Cakmak, Ebru; Inan, Mete Cihad; Yilmaz, Cemal",2024.0,Empirical Software Engineering,String B,UNSURE,"(IC3,IC5; IC4?): Related to bug/report quality, but LLM/GPT connection is not clear from title/abstract; keep for V2 check."
26,Llms as evaluators: A novel approach to evaluate bug report summarization,"Kumar, Abhishek; Haiduc, Sonia; Das, Partha Pratim; Chakrabarti, Partha Pratim",2024.0,,String A,INCLUDE,"(IC1-IC5): English/2018+ paper about bug reports using LLM/GPT for quality, assessment, reproduction, or improvement."
27,LLPut: Investigating Large Language Models for Bug Report-Based Input Generation,"Al Hasan, Alif; Saha, Subarna; Imran, Mia Mohammad; Zaman, Tarannum Shaila",2025.0,Proceedings of the 33rd ACM International Conference on the Foundations of Software Engineering,String A,INCLUDE,"(IC1-IC5): English/2018+ paper about bug reports using LLM/GPT for quality, assessment, reproduction, or improvement."
28,Multi-dimensional Assessment of Crowdsourced Testing Reports via LLMs,"Wang, Yue; Zhao, Yuan; Yu, Shengcheng; Chen, Zhenyu",2025.0,2025 40th IEEE/ACM International Conference on Automated Software Engineering (ASE),String B,INCLUDE,"(IC1-IC5): English/2018+ paper about bug reports using LLM/GPT for quality, assessment, reproduction, or improvement."
29,Research Article An Automated Approach for the Prediction of the Severity Level of Bug Reports Using GPT-2,"Irshad, Azeem",2022.0,,String A,INCLUDE,"(IC1-IC5): English/2018+ paper about bug reports using LLM/GPT for quality, assessment, reproduction, or improvement."
30,Automated Root-Cause Subclassification and No-Code Fix Generation for Invalid Bug Reports,"Gon, Mahmut Furkan; Dinc, Emre; Sungur, Tevfik Emre; Tuzun, Eray",2026.0,arXiv preprint arXiv:2605.17561,String A,UNSURE,"(IC3,IC5; IC4?): Related to bug/report quality, but LLM/GPT connection is not clear from title/abstract; keep for V2 check."
31,"Advancing LLM-Based Issue Report Classification with Explained Few-Shot Learning, Intent Extraction, Ensemble, and Summarization","De Vito, Gabriele; Starace, Luigi Libero Lucio; Palomba, Fabio; Di Martino, Sergio; Ferrucci, Filomena",2026.0,ACM Transactions on Software Engineering and Methodology,String A,INCLUDE,"(IC1-IC5): English/2018+ paper about bug reports using LLM/GPT for quality, assessment, reproduction, or improvement."
32,Secret Leak Detection in Software Issue Reports using LLMs: A Comprehensive Evaluation,"Ahmed, Sadif; Rahman, Md Nafiu; Wahab, Zahin; Uddin, Gias; Shahriyar, Rifat",2026.0,,String A,INCLUDE,"(IC1-IC5): English/2018+ paper about bug reports using LLM/GPT for quality, assessment, reproduction, or improvement."
33,An empirical study on the classification of bug reports with machine learning,"Andrade, Renato; Laranjeiro, Nuno; Vieira, Marco",2026.0,IEEE Open Journal of the Computer Society,String A,INCLUDE,"(IC1-IC5): English/2018+ paper about bug reports using LLM/GPT for quality, assessment, reproduction, or improvement."
34,Next-Generation bug reporting: enhancing development with AI automation,"Patil, Avinash; Jadon, Aryan",2025.0,2025 10th International Conference on Signal Processing and Communication (ICSC),String A,INCLUDE,"(IC1-IC5): English/2018+ paper about bug reports using LLM/GPT for quality, assessment, reproduction, or improvement."
35,Bridging the Interpretation Gap in Accessibility Testing: Empathetic and Legal-Aware Bug Report Generation via Large Language Models,"Koyama, Ryoya; Wang, Zhiyao; Karolita, Devi; Li, Jialong; Tei, Kenji",2026.0,,String A,INCLUDE,"(IC1-IC5): English/2018+ paper about bug reports using LLM/GPT for quality, assessment, reproduction, or improvement."
36,KeyTitle: towards better bug report title generation by keywords planning,"Meng, Qianshuang; Zou, Weiqin; Cai, Biyu; Zhang, Jingxuan",2024.0,Software Quality Journal,String A,UNSURE,"(IC3,IC5; IC4?): Related to bug/report quality, but LLM/GPT connection is not clear from title/abstract; keep for V2 check."
37,Understanding the Impact of Domain Term Explanation on Duplicate Bug Report Detection,"Mukherjee, Usmi; Rahman, Mohammad Masudur",2025.0,Proceedings of the 29th International Conference on Evaluation and Assessment in Software Engineering,String A,INCLUDE,"(IC1-IC5): English/2018+ paper about bug reports using LLM/GPT for quality, assessment, reproduction, or improvement."
38,Are duplicates really harmful? An empirical study on bug report summarization techniques,"Hao, Rui; Li, Yuying; Feng, Yang; Chen, Zhenyu",2023.0,Journal of Software: Evolution and Process,String A,UNSURE,"(IC3,IC5; IC4?): Related to bug/report quality, but LLM/GPT connection is not clear from title/abstract; keep for V2 check."
39,Enriching automatic test case generation by extracting relevant test inputs from bug reports,"Ou�draogo, Wendk�uni C.; Plein, Laura; Kabor�, Kader; Habib, Andrew; Klein, Jacques; Lo, David; Bissyand�, Tegawend� F.",2025.0,Empirical Software Engineering,String A,UNSURE,"(IC3,IC5; IC4?): Related to bug/report quality, but LLM/GPT connection is not clear from title/abstract; keep for V2 check."
40,KnowBug: Enhancing Large language models with bug report knowledge for deep learning framework bug prediction,"Li, Chenglong; Zheng, Zheng; Du, Xiaoting; Ma, Xiangyue; Wang, Zhengqi; Li, Xinheng",2024.0,Knowledge-Based Systems,String A,INCLUDE,"(IC1-IC5): English/2018+ paper about bug reports using LLM/GPT for quality, assessment, reproduction, or improvement."
41,Data quality matters: A case study on data label correctness for security bug report prediction,"Wu, Xiaoxue; Zheng, Wei; Xia, Xin; Lo, David",2021.0,IEEE Transactions on Software Engineering,String B,UNSURE,"(IC3,IC5; IC4?): Related to bug/report quality, but LLM/GPT connection is not clear from title/abstract; keep for V2 check."
42,A Multi-Agent RAG Architecture with DPO Fine-Tuning for Automated Bug Report Generation,"Choi, Seojin; Yang, Geunseok",,Available at SSRN 5887029,String A,UNSURE,"(IC3,IC4; IC5?): Mentions LLM/GPT and bug/issue reports, but quality or reproducibility focus is unclear; keep for V2 check."
43,A Context-Aware Multi-agent Approach to Enhancing User Story Management in Agile Software Development,"Nguyen, Khoa; Sami, Malik Abdul; Zhang, Zheying; Abrahamsson, Pekka",2026.0,Requirements Engineering: Foundation for Software Quality,String A,EXCLUDE,"(EC4,EC7): Not centered on bug/issue reports and not about bug report quality or reproducibility."
44,A Dataset and Service for Automated Identification of Security Bug Reports,"França, Horácio L.; Teixeira, César; Laranjeiro, Nuno",2026.0,IEEE Access,String A,EXCLUDE,"(EC5): No clear use of LLM, GPT, ChatGPT, or generative AI in the study."
45,A First Look at Bugs in LLM Inference Engines,"Liu, Mugeng; Zhong, Siqi; Bi, Weichen; Zhang, Yixuan; Chen, Zhiyang; Chen, Zhenpeng; Liu, Xuanzhe; Ma, Yun",2026.0,ACM Transactions on Software Engineering and Methodology,String A,EXCLUDE,"(EC4): Topic is outside bug reports, issue reports, GitHub issues, or Jira tickets."
46,A Methodological Framework for LLM-Based Mining of Software Repositories,"Martino, Vincenzo De; Castaño, Joel; Palomba, Fabio; Franch, Xavier; Martínez-Fernández, Silverio",2025.0,,String A,EXCLUDE,"(EC4,EC7): Not centered on bug/issue reports and not about bug report quality or reproducibility."
47,"A process-centric review of large language models in graphical user interface testing: architectures, lifecycle impact, and challenges","Trong, Mai Phu; Son, Ngo Tung; Giang, Vu Truong; Viet, Bui Hoang; Hai, Le Ngoc; Tung, Dinh Thanh",2026.0,PeerJ Computer Science,String A,EXCLUDE,"(EC7): Related to software/testing, but not focused on bug report quality, reproducibility, assessment, or improvement."
48,A Review of Large Language Models for Automated Test Case Generation,"Celik, Arda; Mahmoud, Qusay H.",2025.0,Machine Learning and Knowledge Extraction,String A,EXCLUDE,"(EC6,EC7): Mainly review/survey or general discussion; no primary evaluation of bug report quality/reproducibility."
49,A Roadmap for Modern Code Review: Challenges and Opportunities,"Yang, Zezhou; Gao, Cuiyun; Guo, Zhaoqiang; Li, Zhenhao; Liu, Kui; Xia, Xin; Zhou, Yuming",2026.0,ACM Transactions on Software Engineering and Methodology,String A,EXCLUDE,"(EC4,EC7): Not centered on bug/issue reports and not about bug report quality or reproducibility."
50,A survey on the application of large language models in software engineering,"Salem, Nadia; Hudaib, Amjad; Al-Tarawneh, Khawla; Salem, Hamza; Tareef, Afaf; Salloum, Hadi; Mazzara, Manuel",2024.0,,String A,EXCLUDE,(EC6): Survey/review/opinion-style paper; lacks primary experiment or evaluation for this RQ.
51,A Systematic Literature Review on Explainability for ML/DL-based Software Engineering,"Cao, Sicong; Sun, Xiaobing; Widyasari, Ratnadira; Lo, David; Wu, Xiaoxue; Bo, Lili; Zhang, Jiale; Li, Bin; Liu, Wei; Wu, Di; Chen, Yixin",2026.0,ACM Computing Surveys,String A,EXCLUDE,(EC6): Survey/review/opinion-style paper; lacks primary experiment or evaluation for this RQ.
52,A11y-Bench: Can Language Models Resolve Accessibility Issues?,"Tschoner, Maximilian",2025.0,,String A,EXCLUDE,"(EC4): Topic is outside bug reports, issue reports, GitHub issues, or Jira tickets."
53,Accelerating Mobile Application Development and Testing with Artificial Intelligence: A Systematic Literature Review,"Yurko, Maksym",2026.0,Universal Library of Innovative Research and Studies,String A,EXCLUDE,"(EC6,EC7): Mainly review/survey or general discussion; no primary evaluation of bug report quality/reproducibility."
54,"Advancing intrinsic and non-intrinsic bug classification with NLP, machine learning, and few-shot prompt engineering","Bhandari, Pragya",2024.0,,String A,EXCLUDE,"(EC5,EC7): No clear LLM/GPT method and no direct quality/reproducibility assessment focus."
55,Adversarial bug reports as a security risk in language model-based automated program repair,"Przymus, Piotr; Happe, Andreas; Cito, Jürgen",2025.0,arXiv preprint arXiv:2509.05372,String A,EXCLUDE,"(EC7): Related to software/testing, but not focused on bug report quality, reproducibility, assessment, or improvement."
56,AgentFL: Scaling LLM-based Fault Localization to Project-Level Context,"Qin, Yihao; Wang, Shangwen; Lou, Yiling; Dong, Jinhao; Wang, Kaixin; Li, Xiaoling; Mao, Xiaoguang",2025.0,,String A,EXCLUDE,"(EC7): Related to software/testing, but not focused on bug report quality, reproducibility, assessment, or improvement."
57,Agentic Property-Based Testing: Finding Bugs Across the Python Ecosystem,"Maaz, Muhammad; DeVoe, Liam; Hatfield-Dodds, Zac; Carlini, Nicholas",2025.0,arXiv preprint arXiv:2510.09907,String A,EXCLUDE,"(EC7): Related to software/testing, but not focused on bug report quality, reproducibility, assessment, or improvement."
58,Agentic Software Issue Resolution with Large Language Models: A Survey,"Jiang, Zhonghao; Lo, David; Liu, Zhongxin",2025.0,,String A,EXCLUDE,"(EC6,EC7): Mainly review/survey or general discussion; no primary evaluation of bug report quality/reproducibility."
59,Agents in the Sandbox: End-to-End Crash Bug Reproduction for Minecraft,"Yapagc?, Eray; Oztürk, Yavuz Alp Sencer; Tüzün, Eray",,,String A,EXCLUDE,"(EC7): Related to software/testing, but not focused on bug report quality, reproducibility, assessment, or improvement."
60,AI Driven Code Review System: Leveraging Artificial Intelligence for Enhanced code Quality Assessment and Bug Detection,"Rehman, Abdul",2025.0,,String A,EXCLUDE,"(EC4,EC7): Not centered on bug/issue reports and not about bug report quality or reproducibility."
61,AI-assisted Generation Of Human-Aligned Unit Tests,"OUEDRAOGO, Wendkûuni Arzouma Marc Christian",2026.0,,String A,EXCLUDE,"(EC7): Related to software/testing, but not focused on bug report quality, reproducibility, assessment, or improvement."
62,ALGORITHMIC DETECTION OF ANOMALIES IN PRODUCTION LOGS: DEV-QA STRATEGIES LEVERAGING ARTIFICIAL IN?LIGENCE AND TRADITIONAL METHODS,"OVSEPIAN, TYHRAN; SHVAIKIN, OLEKSANDR",2026.0,Journal of Theoretical and Applied Information Technology,String A,EXCLUDE,"(EC4): Topic is outside bug reports, issue reports, GitHub issues, or Jira tickets."
63,Aligning Academia with Industry: An Empirical Study of Industrial Needs and Academic Capabilities in AI-Driven Software Engineering,"Yu, Hang; Lai, Yuzhou; Zhang, Li; Lian, Xiaoli; Liu, Fang; Dong, Yanrui; Zhang, Ting; Jin, Zhi; Lo, David",2025.0,,String A,EXCLUDE,"(EC4,EC7): Not centered on bug/issue reports and not about bug report quality or reproducibility."
64,Amalgamation of Classical and Large Language Models for Duplicate Bug Detection: A Comparative Study.,"Ammu, Sai Venkata Akhil; Sehra, Sukhjit Singh; Sehra, Sumeet Kaur; Singh, Jaiteg",2025.0,"Computers, Materials & Continua",String A,EXCLUDE,"(EC7): Related to software/testing, but not focused on bug report quality, reproducibility, assessment, or improvement."
65,An Empirical Evaluation of Locally Deployed LLMs for Bug Detection in Python Code,"Vuli?evi?, Jelena Ili?",2026.0,,String A,EXCLUDE,"(EC4): Topic is outside bug reports, issue reports, GitHub issues, or Jira tickets."
66,An Empirical Investigation on the Challenges in Scientific Workflow Systems Development,"Alam, Khairul; Roy, Banani; Roy, Chanchal K.; Mittal, Kartik",2025.0,Empirical Software Engineering,String A,EXCLUDE,"(EC4,EC5): Not about bug/issue reports and no clear LLM/GPT or generative-AI component."
67,An Empirical Study of Bugs in the rustc Compiler,"Liu, Zixi; Feng, Yang; Ni, Yunbo; Li, Shaohua; Yin, Xizhe; Shi, Qingkai; Xu, Baowen; Su, Zhendong",2025.0,Proceedings of the ACM on Programming Languages,String A,EXCLUDE,"(EC4): Topic is outside bug reports, issue reports, GitHub issues, or Jira tickets."
68,An empirical study of LLM-assisted software testing: a practitioners perspective,"Lodhi, Anam",2026.0,,String A,EXCLUDE,"(EC7): Related to software/testing, but not focused on bug report quality, reproducibility, assessment, or improvement."
69,An Empirical Study of Transformer Models on Automatically Templating GitHub Issue Reports,"Zhang, Jin; Peng, Maoqi; Zhang, Yang",2025.0,"2025 IEEE International Conference on Software Analysis, Evolution and Reengineering (SANER)",String A,EXCLUDE,"(EC7): Related to software/testing, but not focused on bug report quality, reproducibility, assessment, or improvement."
70,An Empirical Study on Failures in Automated Issue Solving,"Liu, Simiao; Liu, Fang; Li, Liehao; Tan, Xin; Zhu, Yinghao; Lian, Xiaoli; Zhang, Li",2025.0,,String A,EXCLUDE,"(EC7): Related to software/testing, but not focused on bug report quality, reproducibility, assessment, or improvement."
71,An Empirical Study on the Capability of LLMs in Decomposing Bug Reports,"Chen, Zhiyuan; Nava-Camal, Vanessa; Suleiman, Ahmad; Tang, Yiming; Hou, Daqing; Shang, Weiyi",2025.0,arXiv preprint arXiv:2504.20911,String A,EXCLUDE,"(EC7): Related to software/testing, but not focused on bug report quality, reproducibility, assessment, or improvement."
72,An evaluation study of large language models for addressing code quality issues,"Patcas, Rares; Motogna, Simona",2026.0,Empirical Software Engineering,String A,EXCLUDE,"(EC4): Topic is outside bug reports, issue reports, GitHub issues, or Jira tickets."
73,An MCP Tool for Bug Localization by Leveraging Modification Frequencies of Similar Bug Reports,"Ahn, Jongsun; Lee, Seonah; Kang, Sungwon",2026.0,IEEE Access,String A,EXCLUDE,"(EC7): Related to software/testing, but not focused on bug report quality, reproducibility, assessment, or improvement."
74,Analyzing source code vulnerabilities in the D2A dataset with ML ensembles and C-BERT,"Pujar, Saurabh; Zheng, Yunhui; Buratti, Luca; Lewis, Burn; Chen, Yunchung; Laredo, Jim; Morari, Alessandro; Epstein, Edward; Lin, Tsungnan; Yang, Bo; Su, Zhong",2024.0,Empirical Software Engineering,String A,EXCLUDE,"(EC4): Topic is outside bug reports, issue reports, GitHub issues, or Jira tickets."
75,Answering Follow-up Questions on Bug Reports with Structured Information Retrieval and Deep Learning,"Mukherjee, Usmi; Rahman, Mohammad Masudur",2023.0,arXiv preprint arXiv:2304.12494,String A,EXCLUDE,"(EC7): Related to software/testing, but not focused on bug report quality, reproducibility, assessment, or improvement."
76,Application of Large Language Models for Enhancing Bug Reporting Activities,"Nikolova, Teodora; Toleva-Stoimenova, Stefka",2025.0,2025 MIPRO 48th ICT and Electronics Convention,String A,EXCLUDE,"(EC7): Related to software/testing, but not focused on bug report quality, reproducibility, assessment, or improvement."
77,Assertflip: Reproducing bugs via inversion of llm-generated passing tests,"Khatib, Lara; Mathews, Noble Saji; Nagappan, Meiyappan",2025.0,arXiv preprint arXiv:2507.17542,String A,EXCLUDE,"(EC7): Related to software/testing, but not focused on bug report quality, reproducibility, assessment, or improvement."
78,Assessing and Advancing Benchmarks for Evaluating Large Language Models in Software Engineering Tasks,"Hu, Xing; Niu, Feifei; Chen, Junkai; Zhou, Xin; Zhang, Junwei; He, Junda; Xia, Xin; Lo, David",2025.0,ACM Transactions on Software Engineering and Methodology,String A,EXCLUDE,"(EC6,EC7): Mainly review/survey or general discussion; no primary evaluation of bug report quality/reproducibility."
79,Auditing Bias in Search Query Suggestions for US Politicians Across US and EU Locales,"Haak, Fabian; Schaer, Philipp",2026.0,Companion Publication of the 2026 18th ACM Web Science Conference,String A,EXCLUDE,"(EC4): Topic is outside bug reports, issue reports, GitHub issues, or Jira tickets."
80,Automated Assessment and Enhancement of User Story Quality Using Large Language Models in Agile Development,"Lotfi, Samia; Nafil, Khalid",2025.0,2025 International Conference on Intelligent Systems: Theories and Applications (SITA),String A,EXCLUDE,"(EC4): Topic is outside bug reports, issue reports, GitHub issues, or Jira tickets."
81,Automated Bug Detection and Program Repair Using Deep Learning: A Comprehensive Review,"Ali, Rawaa Hamza; Chyad, Adala Mahdi",2026.0,Cybernetics and Information Technologies,String A,EXCLUDE,"(EC6,EC7): Mainly review/survey or general discussion; no primary evaluation of bug report quality/reproducibility."
82,Automated bug frame retrieval from gameplay videos using vision-language models,"Lu, Wentao; Senchenko, Alexander; Hindle, Abram; Bezemer, Cor-Paul",2025.0,arXiv preprint arXiv:2508.04895,String A,EXCLUDE,"(EC4): Topic is outside bug reports, issue reports, GitHub issues, or Jira tickets."
83,Automated Bug Report Management to Enhance Software Development,"Song, Yang",2024.0,,String A,EXCLUDE,"(EC5,EC7): No clear LLM/GPT method and no direct quality/reproducibility assessment focus."
84,Automated Bug Triaging using Instruction-Tuned Large Language Models,"Kiashemshaki, Kiana; Khosravani, Arsham; Hosseinpour, Alireza; Akhavan, Arshia",2025.0,,String A,EXCLUDE,"(EC7): Related to software/testing, but not focused on bug report quality, reproducibility, assessment, or improvement."
85,Automated Detection and Repair of Specific Defects in Logging Statements,"Zhong, Renyi; Li, Yichen; Kuang, Jinxi; Gu, Wenwei; Huo, Yintong; Lyu, Michael R.",2026.0,ACM Transactions on Software Engineering and Methodology,String A,EXCLUDE,"(EC4): Topic is outside bug reports, issue reports, GitHub issues, or Jira tickets."
86,Automated Generation of Issue-Reproducing Tests by Combining LLMs and Search-Based Testing,"Kitsios, Konstantinos; Castelluccio, Marco; Bacchelli, Alberto",2025.0,2025 40th IEEE/ACM International Conference on Automated Software Engineering (ASE),String A,EXCLUDE,"(EC7): Related to software/testing, but not focused on bug report quality, reproducibility, assessment, or improvement."
87,Automated Harmfulness Testing for Code Large Language Models,"Tan, Honghao; Wang, Haibo; Pressato, Diany; Xu, Yisen; Tan, Shin Hwei",2025.0,,String A,EXCLUDE,"(EC7): Related to software/testing, but not focused on bug report quality, reproducibility, assessment, or improvement."
88,Automated Program Repair: Emerging Trends Pose and Expose Problems for Benchmarks,"Renzullo, Joseph; Reiter, Pemma; Weimer, Westley; Forrest, Stephanie",2025.0,ACM Computing Surveys,String A,EXCLUDE,"(EC6,EC7): Mainly review/survey or general discussion; no primary evaluation of bug report quality/reproducibility."
89,Automated Repair of Declarative Software Specifications in the Era of Large Language Models,"Hasan, Md Rashedul; Li, Jiawei; Ahmed, Iftekhar; Bagheri, Hamid",2023.0,,String A,EXCLUDE,"(EC4): Topic is outside bug reports, issue reports, GitHub issues, or Jira tickets."
90,Automatic bug triaging process: An enhanced machine learning approach through large language models,"Chhabra, Deepshikha; Chadha, Raman",2024.0,"Engineering, Technology & Applied Science Research",String A,EXCLUDE,"(EC7): Related to software/testing, but not focused on bug report quality, reproducibility, assessment, or improvement."
91,Automatic Classification of User Requirements from Online Feedback-A Replication Study,"Bhatt, Meet; Boilard, Nic; Chaudhary, Muhammad Rehan; Thompson, Cole; Idoko, Jacob; Sorathiya, Aakash; Ginde, Gouri",2025.0,2025 IEEE 33rd International Requirements Engineering Conference Workshops (REW),String A,EXCLUDE,"(EC4): Topic is outside bug reports, issue reports, GitHub issues, or Jira tickets."
92,Automatic summarization of bug reports,"Rastkar, Sarah; Murphy, Gail C.; Murray, Gabriel",2014.0,IEEE Transactions on Software Engineering,String A,EXCLUDE,"(EC5): No clear use of LLM, GPT, ChatGPT, or generative AI in the study."
93,Automatic techniques for issue report classification: A systematic mapping study,"Laiq, Muhammad; Dobslaw, Felix",2026.0,Automated Software Engineering,String A,EXCLUDE,"(EC6,EC7): Mainly review/survey or general discussion; no primary evaluation of bug report quality/reproducibility."
94,Automatically augmenting GitHub issues with informative user reviews,"Pilone, Arthur; Raglianti, Marco; Lanza, Michele; Kon, Fabio; Meirelles, Paulo",2025.0,2025 IEEE International Conference on Software Maintenance and Evolution (ICSME),String A,EXCLUDE,"(EC7): Related to software/testing, but not focused on bug report quality, reproducibility, assessment, or improvement."
95,Automatically Inspecting Thousands of Static Bug Warnings with Large Language Model: How Far Are We?,"Wen, Cheng; Cai, Yuandao; Zhang, Bin; Su, Jie; Xu, Zhiwu; Liu, Dugang; Qin, Shengchao; Ming, Zhong; Cong, Tian",2024.0,ACM Transactions on Knowledge Discovery from Data,String A,EXCLUDE,"(EC4): Topic is outside bug reports, issue reports, GitHub issues, or Jira tickets."
96,Benchmarking Large Language Models for Automated Code Changes: A Systematic Review,"Sandhu, Padamjit; Khurana, Pankaj; Singla, Jimmy",2026.0,2026 4th International Conference on Intelligent Data Communication Technologies and Internet of Things (IDCIoT),String A,EXCLUDE,"(EC6,EC7): Mainly review/survey or general discussion; no primary evaluation of bug report quality/reproducibility."
