Id,Title,Authors,Year,Venue,Search_string,v1_decision,v1_reason
1,A Comparative Study of Contemporary Learning Paradigms in Bug Report Priority Detection,"Yilmaz, Eyüp Halit; Toroslu, ?smail Hakki; Köksal, Ömer",2024,IEEE Access,A,INCLUDE,"Thỏa mãn IC-P, IC-I, IC-E — Nghiên cứu phân loại và phát hiện độ ưu tiên của Bug Report."
2,A Context-Aware Multi-agent Approach to Enhancing User Story Management in Agile Software Development,"Nguyen, Khoa; Sami, Malik Abdul; Zhang, Zheying; Abrahamsson, Pekka",2026,Requirements Engineering: Foundation for Software Quality,A,EXCLUDE,EC-O
3,A Dataset and Service for Automated Identification of Security Bug Reports,"França, Horácio L.; Teixeira, César; Laranjeiro, Nuno",2026,IEEE Access,A,EXCLUDE,EC-O
4,A First Look at Bugs in LLM Inference Engines,"Liu, Mugeng; Zhong, Siqi; Bi, Weichen; Zhang, Yixuan; Chen, Zhiyang; Chen, Zhenpeng; Liu, Xuanzhe; Ma, Yun",2026,ACM Transactions on Software Engineering and Methodology,A,EXCLUDE,EC-O
5,A Methodological Framework for LLM-Based Mining of Software Repositories,"Martino, Vincenzo De; Castaño, Joel; Palomba, Fabio; Franch, Xavier; Martínez-Fernández, Silverio",2025,,A,UNSURE,"Khung khai phá dữ liệu bằng LLM chung, cần check Abstract xem thực nghiệm có dính tới dữ liệu Issue/Bug không."
6,A Multi-Agent RAG Architecture with DPO Fine-Tuning for Automated Bug Report Generation,"Choi, Seojin; Yang, Geunseok",,Available at SSRN 5887029,A,INCLUDE,"Thỏa mãn IC-P, IC-I — Kiến trúc Agent tạo và tối ưu hóa tự động cấu trúc nội dung Bug Report."
7,"A process-centric review of large language models in graphical user interface testing: architectures, lifecycle impact, and challenges","Trong, Mai Phu; Son, Ngo Tung; Giang, Vu Truong; Viet, Bui Hoang; Hai, Le Ngoc; Tung, Dinh Thanh",2026,PeerJ Computer Science,A,EXCLUDE,EC-O
8,A Review of Large Language Models for Automated Test Case Generation,"Celik, Arda; Mahmoud, Qusay H.",2025,Machine Learning and Knowledge Extraction,A,EXCLUDE,EC-O
9,A Roadmap for Modern Code Review: Challenges and Opportunities,"Yang, Zezhou; Gao, Cuiyun; Guo, Zhaoqiang; Li, Zhenhao; Liu, Kui; Xia, Xin; Zhou, Yuming",2026,ACM Transactions on Software Engineering and Methodology,A,EXCLUDE,EC-O
10,A survey on the application of large language models in software engineering,"Salem, Nadia; Hudaib, Amjad; Al-Tarawneh, Khawla; Salem, Hamza; Tareef, Afaf; Salloum, Hadi; Mazzara, Manuel",2024,,A,INCLUDE,"Thỏa mãn IC-I — Bài tổng quan diện rộng về LLM trong SE, giữ lại làm nền tảng quét tài liệu."
11,A Systematic Literature Review on Explainability for ML/DL-based Software Engineering,"Cao, Sicong; Sun, Xiaobing; Widyasari, Ratnadira; Lo, David; Wu, Xiaoxue; Bo, Lili; Zhang, Jiale; Li, Bin; Liu, Wei; Wu, Di; Chen, Yixin",2026,ACM Computing Surveys,A,EXCLUDE,EC-O
12,A11y-Bench: Can Language Models Resolve Accessibility Issues?,"Tschoner, Maximilian",2025,,A,UNSURE,"Đánh giá khả năng sửa lỗi tiếp cận của LLM, cần đọc Abstract check dữ liệu đầu vào."
13,Accelerating Mobile Application Development and Testing with Artificial Intelligence: A Systematic Literature Review,"Yurko, Maksym",2026,Universal Library of Innovative Research and Studies,A,EXCLUDE,EC-O
14,"Advancing Bug Report Management: Graph-Based Modeling, Large Language Models, and Quality Improvement","Acharya, Jagrit",2025,,A,INCLUDE,"Thỏa mãn IC-P, IC-I — ""Trúng tủ"" mô hình hóa và cải thiện chất lượng quản lý Bug Report bằng LLM."
15,"Advancing intrinsic and non-intrinsic bug classification with NLP, machine learning, and few-shot prompt engineering","Bhandari, Pragya",2024,,A,UNSURE,"Phân loại bản chất bug bằng NLP/Prompting, cần check Abstract để phân loại chính xác."
16,"Advancing LLM-Based Issue Report Classification with Explained Few-Shot Learning, Intent Extraction, Ensemble, and Summarization","De Vito, Gabriele; Starace, Luigi Libero Lucio; Palomba, Fabio; Di Martino, Sergio; Ferrucci, Filomena",2026,ACM Transactions on Software Engineering and Methodology,A,INCLUDE,"Thỏa mãn IC-P, IC-I — Phân loại cấu trúc Issue Report sử dụng Few-Shot Learning với LLM."
17,Adversarial bug reports as a security risk in language model-based automated program repair,"Przymus, Piotr; Happe, Andreas; Cito, Jürgen",2025,arXiv preprint arXiv:2509.05372,A,INCLUDE,"Thỏa mãn IC-P, IC-I — Nghiên cứu về các Bug Report độc hại/nhiễu (Adversarial) tác động đến hệ thống sửa lỗi."
18,AgentFL: Scaling LLM-based Fault Localization to Project-Level Context,"Qin, Yihao; Wang, Shangwen; Lou, Yiling; Dong, Jinhao; Wang, Kaixin; Li, Xiaoling; Mao, Xiaoguang",2025,,A,UNSURE,"Định vị vị trí lỗi (Fault Localization), cần quét Abstract xem có sử dụng text từ Bug Report để tìm file lỗi không."
19,Agentic Property-Based Testing: Finding Bugs Across the Python Ecosystem,"Maaz, Muhammad; DeVoe, Liam; Hatfield-Dodds, Zac; Carlini, Nicholas",2025,arXiv preprint arXiv:2510.09907,A,EXCLUDE,EC-O
20,Agentic Software Issue Resolution with Large Language Models: A Survey,"Jiang, Zhonghao; Lo, David; Liu, Zhongxin",2025,,A,INCLUDE,"Thỏa mãn IC-P, IC-I — Tổng quan về việc sử dụng AI Agent để giải quyết các vấn đề liên quan đến Issue/Bug."
21,AgentReport: A Multi-Agent LLM Approach for Automated and Reproducible Bug Report Generation,"Choi, Seojin; Yang, Geunseok",2025,Applied Sciences,A,INCLUDE,"Thỏa mãn IC-P, IC-I — Quá chuẩn, hệ thống sinh và kiểm định tính tái hiện (Reproducible) của Bug Report."
22,Agents in the Sandbox: End-to-End Crash Bug Reproduction for Minecraft,"Yapagc?, Eray; Oztürk, Yavuz Alp Sencer; Tüzün, Eray",,,A,INCLUDE,"Thỏa mãn IC-P, IC-I — Tái hiện lỗi crash tự động dựa trên báo cáo dữ liệu đầu vào."
23,AI Driven Code Review System: Leveraging Artificial Intelligence for Enhanced code Quality Assessment and Bug Detection,"Rehman, Abdul",2025,,A,EXCLUDE,EC-O
24,AI-assisted Generation Of Human-Aligned Unit Tests,"OUEDRAOGO, Wendkûuni Arzouma Marc Christian",2026,,A,EXCLUDE,EC-O
25,ALGORITHMIC DETECTION OF ANOMALIES IN PRODUCTION LOGS: DEV-QA STRATEGIES LEVERAGING ARTIFICIAL IN?LIGENCE AND TRADITIONAL METHODS,"OVSEPIAN, TYHRAN; SHVAIKIN, OLEKSANDR",2026,Journal of Theoretical and Applied Information Technology,A,EXCLUDE,EC-O
26,Aligning Academia with Industry: An Empirical Study of Industrial Needs and Academic Capabilities in AI-Driven Software Engineering,"Yu, Hang; Lai, Yuzhou; Zhang, Li; Lian, Xiaoli; Liu, Fang; Dong, Yanrui; Zhang, Ting; Jin, Zhi; Lo, David",2025,,A,UNSURE,"Khảo sát thực nghiệm diện rộng về nhu cầu AI trong SE, cần check kỹ nội dung."
27,Amalgamation of Classical and Large Language Models for Duplicate Bug Detection: A Comparative Study.,"Ammu, Sai Venkata Akhil; Sehra, Sukhjit Singh; Sehra, Sumeet Kaur; Singh, Jaiteg",2025,"Computers, Materials & Continua",A,INCLUDE,"Thỏa mãn IC-P, IC-I — Kết hợp LLM để phát hiện các Bug Report trùng lặp (Duplicate Bug Detection)."
28,An Empirical Evaluation of Locally Deployed LLMs for Bug Detection in Python Code,"Vuli?evi?, Jelena Ili?",2026,,A,EXCLUDE,EC-O
29,An Empirical Investigation on the Challenges in Scientific Workflow Systems Development,"Alam, Khairul; Roy, Banani; Roy, Chanchal K.; Mittal, Kartik",2025,Empirical Software Engineering,A,EXCLUDE,EC-O
30,An Empirical Study of Bugs in the rustc Compiler,"Liu, Zixi; Feng, Yang; Ni, Yunbo; Li, Shaohua; Yin, Xizhe; Shi, Qingkai; Xu, Baowen; Su, Zhendong",2025,Proceedings of the ACM on Programming Languages,A,EXCLUDE,EC-O
31,Magis: Llm-based multi-agent framework for github issue resolution,"Tao, Wei; Zhou, Yucheng; Wang, Yanlin; Zhang, Wenqiang; Zhang, Hongyu; Cheng, Yu",2024,Advances in Neural Information Processing Systems,B,INCLUDE,"Thỏa mãn IC-P, IC-I — Kiến trúc Multi-Agent phối hợp định vị vị trí lỗi từ văn bản Bug Report."
32,Mining app reviews for user feedback analysis in requirements engineering: a project report,"Motger de la Encarnación, Joaquim; Oriol Hilari, Marc; Tiessler Aguirre, Max; Franch Gutiérrez, Javier; Marco Gómez, Jordi",2025,"Joint Proceedings of REFSQ 2025 Workshops, Doctoral Symposium, Posters & Tools Track, and Education and Training Track co-located with 31st International Conference on Requirements Engineering: Foundation for Software Quality (REFSQ 2025)",B,INCLUDE,"Thỏa mãn IC-P, IC-I — Tiếp cận đa Agent để tạo lập cấu trúc văn bản báo cáo lỗi tự động."
33,Multi-dimensional Assessment of Crowdsourced Testing Reports via LLMs,"Wang, Yue; Zhao, Yuan; Yu, Shengcheng; Chen, Zhenyu",2025,2025 40th IEEE/ACM International Conference on Automated Software Engineering (ASE),B,EXCLUDE,EC-O
34,MULTIVERSE: Mining Collective Data Science Knowledge from Code on the Web to Suggest Alternative Analysis Approaches,"Merrill, Mike A.; Zhang, Ge; Althoff, Tim",2021,Proceedings of the 27th ACM SIGKDD Conference on Knowledge Discovery & Data Mining,B,INCLUDE,Thỏa mãn IC-P — Tổng quan về phân loại báo cáo lỗi tự động sử dụng xử lý ngôn ngữ tự nhiên.
35,Natural Language Processing in Software Engineering: A Systematic Literature Review,"Pacheco, Gabriel Nogueira; Martins, Luiz Eduardo Galv?o; da Silva, Ana Estela Antunes; Lavesson, Niklas; Gorschek, Tony",2025,Journal of Software Engineering Research and Development,B,INCLUDE,Thỏa mãn IC-P — Tác vụ tự động tóm tắt nội dung văn bản Bug Report bằng kỹ thuật NLP.
36,Next-Generation bug reporting: enhancing development with AI automation,"Patil, Avinash; Jadon, Aryan",2025,2025 10th International Conference on Signal Processing and Communication (ICSC),B,INCLUDE,Thỏa mãn IC-P — Khảo sát các kỹ thuật NLP truyền thống dùng để lọc và phát hiện bug trùng lặp.
37,NLPerturbator: Studying the Robustness of Code LLMs to Natural Language Variations,"Chen, Junkai; Li, Zhenhao; Hu, Xing; Xia, Xin",2026,ACM Transactions on Software Engineering and Methodology,B,INCLUDE,"Thỏa mãn IC-P, IC-I — Nghiên cứu về tính hiệu quả thực tế của Generative AI trong mảng quản lý lỗi."
38,OmniCode: A Benchmark for Evaluating Software Engineering Agents,"Sonwane, Atharv; Tu, Eng-Shen; Lu, Wei-Chung; Beger, Claas; Larsen, Carter; Dhar, Debjit; Alford, Simon; Chen, Rachel; Pattanayak, Ronit; Dang, Tuan Anh; Chen, Guohao; Geng, Gloria; Ellis, Kevin; Dutta, Saikat",2026,,B,INCLUDE,"Thỏa mãn IC-P, IC-E — Nghiên cứu thực nghiệm phân tích sâu về các chỉ số chất lượng của GitHub Issue."
39,On the Reproducibility of Provenance-based Intrusion Detection that uses Deep Learning,"Abrar, Talha; Shamail, Ahmad; Iqbal, Mohammad Jaffer; Ahmed, Amaan; Abdullah, Muhammad; Shayan, Muhammad; Zaffar, Fareed; Pasquier, Thomas; Eyers, David; Gehani, Ashish",2025,Proceedings of the 3rd ACM Conference on Reproducibility and Replicability,B,INCLUDE,"Thỏa mãn IC-P, IC-I — Tận dụng kỹ nghệ gợi ý (Prompt Engineering) để cải thiện định vị vị trí lỗi từ báo cáo."
40,On the role of context in AI-driven program repair and test generation,"Nashid, Noor",2026,,B,EXCLUDE,EC-O
41,On the Use of Agentic Coding: An Empirical Study of Pull Requests on GitHub,"Watanabe, Miku; Li, Hao; Kashiwa, Yutaro; Reid, Brittany; Iida, Hajimu; Hassan, Ahmed E.",2026,ACM Transactions on Software Engineering and Methodology,B,INCLUDE,"Thỏa mãn IC-P, IC-I — Ứng dụng kỹ nghệ gợi ý vào tác vụ tóm tắt nội dung văn bản báo cáo lỗi."
42,Open Source Code Contributions to Global Health: The Case of Antimalarial Drug Discovery,"Turon, Gemma; Tse, Edwin; Qiu, Xin; Todd, Matthew; Duran-Frigola, Miquel",2024,ACS Medicinal Chemistry Letters,B,INCLUDE,"Thỏa mãn IC-P, IC-E — Đánh giá chất lượng của Issue Reports bằng học máy (Làm Baseline đối chiếu rất tốt)."
43,Optimizing LLMs for Microservices Logs Analysis through Prompt Engineering,"Ahmed, Sahar",2025,,B,INCLUDE,"Thỏa mãn IC-P, IC-E — Đánh giá chất lượng Issue Reports nâng cấp lên mô hình học sâu."
44,Partiality and Misconception: Investigating Cultural Representativeness in Text-to-Image Models,"Zhang, Lili; Liao, Xi; Yang, Zaijia; Gao, Baihang; Wang, Chunjie; Yang, Qiuling; Li, Deshun",2024,Proceedings of the CHI Conference on Human Factors in Computing Systems,B,INCLUDE,"Thỏa mãn IC-P, IC-I, IC-E — Trực diện 100% tên đề tài của nhóm: Đánh giá chất lượng Issue Report dùng LLM."
45,"Past, Present, and Future of Bug Tracking in the Generative AI Era","Torun, Utku Boran; Demircan, Mehmet Taha; Gön, Mahmut Furkan; Tüzün, Eray",2026,ACM Transactions on Software Engineering and Methodology,B,INCLUDE,"Thỏa mãn IC-P, IC-E — Các nhân tố quyết định chất lượng của GitHub Issue dưới góc nhìn doanh nghiệp."
46,Pisco: An Isolation Bug Case Reduction and Deduplication Framework,"Weng, Siyang; Yang, Hongyu; Hu, Zirui; Zhang, Rong; Pan, Zhicheng; Yang, Chengcheng; Zhou, Xuan; Chen, Yuxing; He, Xiaolong; Pan, Anqun",2026,Proceedings of the VLDB Endowment,B,INCLUDE,"Thỏa mãn IC-P, IC-I — Chỉnh sửa và tối ưu lại các báo cáo lỗi không nhất quán/thiếu thông tin bằng LLM."
47,Pitfalls in Language Models for Code Intelligence: A Taxonomy and Survey,"She, Xinyu; Liu, Yue; Zhao, Yanjie; He, Yiling; Li, Li; Tantithamthavorn, Chakkrit; Qin, Zhan; Wang, Haoyu",2026,ACM Transactions on Software Engineering and Methodology,B,INCLUDE,"Thỏa mãn IC-P, IC-I — Tác vụ tự động tái hiện lỗi crash từ thông tin mô tả trong văn bản báo cáo bằng LLM."
48,Post-Training Large Language Models as Software Engineering Agents,"Lyu, Zhiheng",2026,,B,EXCLUDE,EC-O
49,Preliminary evaluation of a guided usability defect report form,"Yusop, Nor Shahida Mohamad; Grundy, John; Schneider, Jean-Guy; Vasa, Rajesh",2018,2018 25th Australasian Software Engineering Conference (ASWEC),B,INCLUDE,"Thỏa mãn IC-Y, IC-I — Bản ghi trùng lặp của dòng 215, giữ lại quét cơ sở lý thuyết tổng quan về LLM trong SE."
50,Process-aware evaluation of generative AI in software engineering: a comprehensive platform and comparative study,"Czy?ewski, Adam; Poniszewska-Mara?da, Aneta; Czy?ewski, Piotr",2025,,B,UNSURE,"Phân tích nguyên nhân cốt lõi bằng LLM, cần kiểm tra Abstract xem đầu vào có phải Bug Report text không."
51,Progressive Code Integration for Abstractive Bug Report Summarization,"Karim, Shaira Sadia; Rahim, Abrar Mahmud; Alam, Lamia; Tashdeed, Ishmam; Lota, Lutfun Nahar; Kamal, Md Abu Raihan M.; Hossain, Md Azam",2025,arXiv preprint arXiv:2512.00325,B,INCLUDE,"Thỏa mãn IC-P — Bản ghi lặp dữ liệu của bài 118, giữ lại kiểm tra cấu trúc tập dữ liệu định vị lỗi."
52,Prompting Is All You Need: Automated Android Bug Replay with Large Language Models,"Feng, Sidong; Chen, Chunyang",2024,Proceedings of the IEEE/ACM 46th International Conference on Software Engineering,B,INCLUDE,"Thỏa mãn IC-P, IC-I — Bài tổng quan về ứng dụng LLM trong hệ sinh thái quản lý lỗi phần mềm."
53,Prompting is Helpful: Automated Deep Learning Framework Bug Replay with Large Language Models,"Sun, Jinshuo; Wang, Yi; Du, Xiaoting",2025,2025 IEEE 36th International Symposium on Software Reliability Engineering Workshops (ISSREW),B,INCLUDE,"Thỏa mãn IC-P, IC-I — Tổng khảo cứu về việc giải quyết các báo cáo sự cố bằng mô hình ngôn ngữ lớn."
54,"PyBugHive: A Comprehensive Database of Manually Validated, Reproducible Python Bugs","Antal, Gábor; Vándor, Norbert; Kolláth, István; Mosolygó, Balázs; Heged\Hus, Péter; Ferenc, Rudolf",2024,IEEE Access,B,EXCLUDE,EC-O
55,RCEGen: A Generative Approach for Automated Root Cause Analysis Using Large Language Models (LLMs),"Mollik, Rubel Hassan; Datta, Arup; Mollah, Anamul Haque; Aljedaani, Wajdi",2025,Software,B,INCLUDE,Thỏa mãn IC-P — Thuật toán SZZ dùng để định vị dòng code gây lỗi dựa trên thông tin định vết từ Bug tracker.
56,ReAPR: Automatic program repair via retrieval-augmented large language models,"Liu, Zixin; Du, Xiaozhi; Liu, Hairui",2025,Software Quality Journal,B,INCLUDE,"Thỏa mãn IC-P, IC-I — Cải tiến thuật toán định vị lỗi SZZ bằng cách tích hợp thêm sức mạnh của LLM."
